<?xml version="1.0" encoding="utf-8"?>
<shape xmlns:android="http://schemas.android.com/apk/res/android" >
    <stroke android:width="1dp" android:color="@color/white"/>
    <corners android:radius="5dp" ></corners>
    <gradient android:startColor="@color/red_final" android:endColor="@color/blue_final">

    </gradient>
<!--    <padding android:bottom="3dp" android:left="3dp" android:right="3dp" android:top="3dp"></padding>-->
<!--    <corners android:topLeftRadius="16dp" android:bottomLeftRadius="16dp"-->
<!--        android:topRightRadius="16dp" android:bottomRightRadius="16dp"/>-->
</shape>